date,open,high,low,close,volume,adj_close
2024-07-03 00:00:00,46.1966,46.796,45.9657,46.3818,61320,46.3818
2024-07-04 00:00:00,45.9597,46.5611,45.7486,46.2863,58935,46.2863
2024-07-05 00:00:00,46.2385,46.4754,45.6829,45.8502,87780,45.8502
2024-07-08 00:00:00,45.8502,47.3934,44.3865,45.2607,116785,45.2607
2024-07-09 00:00:00,45.9895,46.1966,45.3205,45.5594,57300,45.5594
2024-07-10 00:00:00,45.8004,45.878,44.5458,45.1671,59890,45.1671
2024-07-11 00:00:00,45.88,45.88,45.2846,45.438,43660,45.438
2024-07-12 00:00:00,45.6809,45.8183,45.1034,45.2408,32745,45.2408
2024-07-15 00:00:00,45.4818,45.4818,44.3089,44.7131,65605,44.7131
2024-07-16 00:00:00,45.3025,45.4579,44.8844,45.0357,38735,45.0357
2024-07-18 00:00:00,44.8047,45.3722,44.4064,44.6076,92125,44.6076
2024-07-19 00:00:00,44.7948,44.7948,43.5402,43.7274,52090,43.7274
2024-07-22 00:00:00,43.0145,44.8007,43.0145,44.2292,73570,44.2292
2024-07-23 00:00:00,44.6036,45.0994,43.4008,44.7191,66145,44.7191
2024-07-24 00:00:00,45.0039,45.1831,44.7629,44.8485,48645,44.8485
2024-07-25 00:00:00,44.8027,44.9043,43.8608,44.6454,33525,44.6454
2024-07-26 00:00:00,45.3822,45.3822,44.4184,44.6514,34105,44.6514
2024-07-29 00:00:00,44.6554,51.5553,44.6514,49.09,1488725,49.09
2024-07-30 00:00:00,50.5795,50.6592,48.1999,48.9009,334250,48.9009
2024-07-31 00:00:00,48.7874,48.7874,47.2461,47.7977,96630,47.7977
2024-08-01 00:00:00,48.0506,48.0685,45.4021,46.1031,82695,46.1031
2024-08-02 00:00:00,46.0035,46.0115,44.8883,45.4857,83620,45.4857
2024-08-05 00:00:00,44.9282,45.4001,43.7095,44.0739,90000,44.0739
2024-08-06 00:00:00,43.5104,45.5395,43.1917,43.9106,89120,43.9106
2024-08-07 00:00:00,44.1476,44.7808,44.1416,44.3368,47700,44.3368
2024-08-08 00:00:00,44.7928,44.7928,43.8091,44.5359,119175,44.5359
2024-08-09 00:00:00,44.7649,45.0019,44.1297,44.6574,67905,44.6574
2024-08-12 00:00:00,44.4045,44.4045,43.4347,43.6936,125830,43.6936
2024-08-13 00:00:00,43.7135,44.4164,43.6099,43.7254,42870,43.7254
2024-08-14 00:00:00,43.9484,44.2551,43.0125,43.4665,113130,43.4665
2024-08-16 00:00:00,43.6896,44.4045,43.1738,43.6199,75425,43.6199
2024-08-19 00:00:00,43.8489,44.5956,41.3518,42.6382,137710,42.6382
2024-08-20 00:00:00,43.2117,43.9982,42.8253,43.3092,88385,43.3092
2024-08-21 00:00:00,43.5303,44.3666,43.5303,44.1655,100235,44.1655
2024-08-22 00:00:00,44.9899,44.9939,43.821,44.3069,195735,44.3069
2024-08-23 00:00:00,44.8027,44.974,43.4327,43.6995,101875,43.6995
2024-08-26 00:00:00,44.8047,44.8047,43.823,44.4463,116565,44.4463
2024-08-27 00:00:00,44.6852,45.0954,43.588,43.7453,231980,43.7453
2024-08-28 00:00:00,43.9684,44.7848,43.3132,43.5741,174815,43.5741
2024-08-29 00:00:00,44.0082,44.506,43.4407,44.1277,84420,44.1277
2024-08-30 00:00:00,44.2073,44.506,43.592,43.7035,46980,43.7035
2024-09-02 00:00:00,44.2013,44.6056,43.4825,43.8349,127045,43.8349
2024-09-03 00:00:00,44.0082,44.3845,43.1758,43.8628,74675,43.8628
2024-09-04 00:00:00,44.0858,44.3567,43.4347,43.7911,35910,43.7911
2024-09-05 00:00:00,44.0082,44.1078,43.4944,43.6497,53935,43.6497
2024-09-06 00:00:00,43.6517,44.0082,42.6282,43.4845,103685,43.4845
2024-09-09 00:00:00,43.4845,43.9783,43.2216,43.4108,51080,43.4108
2024-09-10 00:00:00,43.4108,43.7991,43.0563,43.3431,58200,43.3431
2024-09-11 00:00:00,43.5701,43.5701,42.8333,42.9548,80845,42.9548
2024-09-12 00:00:00,43.1718,43.7971,42.6421,43.1559,73870,43.1559
2024-09-13 00:00:00,43.8704,43.8704,43.112,43.4174,70675,43.4174
2024-09-16 00:00:00,43.3116,43.6389,43.112,43.3275,51040,43.3275
2024-09-17 00:00:00,43.4713,43.4713,42.3236,42.9623,220155,42.9623
2024-09-18 00:00:00,42.5731,44.3095,42.5731,43.5591,45280,43.5591
2024-09-19 00:00:00,45.1079,45.1079,42.7128,44.1698,98580,44.1698
2024-09-20 00:00:00,44.3076,44.3076,43.132,43.9423,100325,43.9423
2024-09-23 00:00:00,44.3075,44.3075,43.084,43.5411,101705,43.5411
2024-09-24 00:00:00,43.7706,43.8704,42.9623,43.104,98775,43.104
2024-09-25 00:00:00,43.7108,43.7108,42.9144,43.4054,89510,43.4054
2024-09-26 00:00:00,43.611,43.611,42.9224,43.1419,52790,43.1419
2024-09-27 00:00:00,43.3116,43.4094,42.5132,42.9024,240340,42.9024
2024-09-30 00:00:00,42.7328,43.112,42.5751,42.9803,17090,42.9803
2024-10-01 00:00:00,43.2118,43.4373,42.633,42.8405,36790,42.8405
2024-10-03 00:00:00,42.5132,42.8705,41.3855,41.9663,75100,41.9663
2024-10-04 00:00:00,42.1939,42.1939,40.9604,41.6949,46595,41.6949
2024-10-07 00:00:00,41.9144,42.5092,39.9185,40.3217,70905,40.3217
2024-10-08 00:00:00,40.5173,41.2917,39.3197,41.0043,38050,41.0043
2024-10-09 00:00:00,40.5173,43.1339,40.5173,42.2637,89675,42.2637
2024-10-10 00:00:00,42.5132,43.5012,42.5132,42.8505,23280,42.8505
2024-10-11 00:00:00,43.4094,43.4094,42.3136,42.5731,36065,42.5731
2024-10-14 00:00:00,43.5092,44.1698,42.7148,44.084,118985,44.084
2024-10-15 00:00:00,44.9283,47.1038,44.5091,46.1877,308655,46.1877
2024-10-16 00:00:00,44.9083,46.5051,44.5032,46.1159,332620,46.1159
2024-10-17 00:00:00,46.5031,46.5051,44.6089,45.8963,149740,45.8963
2024-10-18 00:00:00,45.8963,46.2057,44.9283,45.8963,156490,45.8963
2024-10-21 00:00:00,46.7047,46.7047,45.1279,45.4612,123950,45.4612
2024-10-22 00:00:00,45.4931,46.5709,45.06,45.9063,176560,45.9063
2024-10-23 00:00:00,46.1039,47.1038,44.7826,46.4292,165025,46.4292
2024-10-24 00:00:00,45.7167,46.4272,45.2157,45.8943,126615,45.8943
2024-10-25 00:00:00,46.8943,46.8943,43.8106,45.062,124485,45.062
2024-10-28 00:00:00,45.4871,45.4871,43.9104,44.8005,108450,44.8005
2024-10-29 00:00:00,45.1798,46.8623,44.0221,45.7586,55820,45.7586
2024-10-30 00:00:00,45.8424,46.1079,44.9083,45.2197,83585,45.2197
2024-10-31 00:00:00,45.2197,45.573,45.0281,45.1159,25955,45.1159
2024-11-01 00:00:00,45.1179,45.9063,44.2896,45.6428,35540,45.6428
2024-11-04 00:00:00,45.5071,45.533,44.2896,45.1598,49135,45.1598
2024-11-05 00:00:00,45.1598,45.3215,44.7506,45.0321,15030,45.0321
2024-11-06 00:00:00,44.9922,46.056,44.8085,45.9163,66390,45.9163
2024-11-07 00:00:00,47.0639,47.0639,44.3095,44.6169,54500,44.6169
2024-11-08 00:00:00,44.3295,45.3055,44.3295,44.9423,29400,44.9423
2024-11-11 00:00:00,45.0999,45.4073,44.3295,45.0261,64695,45.0261
2024-11-12 00:00:00,44.7546,45.6608,43.2916,44.0301,72920,44.0301
2024-11-13 00:00:00,43.5411,43.8205,41.15,42.5212,101740,42.5212
2024-11-14 00:00:00,41.9304,43.7048,41.9005,41.9264,123495,41.9264
2024-11-18 00:00:00,42.611,44.9003,41.3616,43.2697,135235,43.2697
2024-11-19 00:00:00,43.2697,44.7846,41.9344,43.1838,124310,43.1838
2024-11-21 00:00:00,44.0481,44.9363,42.9962,44.557,146210,44.557
2024-11-22 00:00:00,44.7087,45.6668,44.1838,44.8824,283235,44.8824
2024-11-25 00:00:00,45.9063,45.9063,44.4513,45.1279,106800,45.1279
2024-11-26 00:00:00,44.5171,45.2297,43.5112,44.4952,51885,44.4952
2024-11-27 00:00:00,44.2936,45.3155,44.2596,44.9003,40065,44.9003
2024-11-28 00:00:00,44.7067,45.1059,43.4653,44.6628,101635,44.6628
2024-11-29 00:00:00,44.2038,44.8484,44.0241,44.3195,44670,44.3195
2024-12-02 00:00:00,44.11,45.9063,43.9403,45.1598,119440,45.1598
2024-12-03 00:00:00,44.7187,45.4812,44.3095,44.5091,98410,44.5091
2024-12-04 00:00:00,44.8005,45.3335,44.5091,44.9123,55835,44.9123
2024-12-05 00:00:00,45.0021,45.2237,44.5111,44.7187,18400,44.7187
2024-12-06 00:00:00,44.3395,45.1059,44.2237,44.3694,17205,44.3694
2024-12-09 00:00:00,44.3694,44.8245,43.9124,44.2656,36775,44.2656
2024-12-10 00:00:00,44.7087,44.9063,43.9503,44.1259,25550,44.1259
2024-12-11 00:00:00,44.3175,44.5431,43.9303,44.1718,17285,44.1718
2024-12-12 00:00:00,44.3395,44.7087,42.5132,43.132,34215,43.132
2024-12-13 00:00:00,43.4154,44.6089,42.9124,43.8405,28690,43.8405
2024-12-16 00:00:00,43.7407,44.066,43.4134,43.7627,26700,43.7627
2024-12-17 00:00:00,43.611,43.9104,43.114,43.2298,29660,43.2298
2024-12-18 00:00:00,43.3415,43.587,43.114,43.3156,16180,43.3156
2024-12-19 00:00:00,43.5112,43.9064,42.2757,43.2996,30470,43.2996
2024-12-20 00:00:00,42.9144,44.072,42.5152,43.3136,92755,43.3136
2024-12-23 00:00:00,43.9084,46.2835,43.4114,44.4792,55385,44.4792
2024-12-24 00:00:00,45.3055,45.3055,42.9423,43.4872,85195,43.4872
2024-12-26 00:00:00,44.6788,44.6788,41.0422,41.619,116225,41.619
2024-12-27 00:00:00,41.8945,42.5551,40.9185,41.128,59415,41.128
2024-12-30 00:00:00,41.136,43.9104,41.136,43.3974,261985,43.3974
2024-12-31 00:00:00,43.112,46.9042,43.112,45.7945,292390,45.7945
2025-01-01 00:00:00,45.8664,47.9002,44.9682,47.002,412845,47.002
2025-01-02 00:00:00,46.4232,48.1018,46.3853,47.3653,144905,47.3653
2025-01-03 00:00:00,47.9022,48.7006,46.3753,47.5549,408740,47.5549
2025-01-06 00:00:00,47.5549,49.2495,47.036,48.8283,230515,48.8283
2025-01-07 00:00:00,49.5588,50.7783,49.0998,49.5029,261145,49.5029
2025-01-08 00:00:00,49.0998,50.0079,48.5669,49.0,243080,49.0
2025-01-09 00:00:00,49.1736,49.499,48.3852,49.0239,115205,49.0239
2025-01-10 00:00:00,48.5209,50.0977,47.7286,48.9581,108650,48.9581
2025-01-13 00:00:00,48.1018,53.6844,48.1018,51.2354,1020840,51.2354
2025-01-14 00:00:00,52.6924,54.1874,52.0937,52.5248,604925,52.5248
2025-01-15 00:00:00,52.393,60.5743,52.393,56.5286,2206990,56.5286
2025-01-16 00:00:00,56.2851,57.4826,54.2892,54.6604,359240,54.6604
2025-01-17 00:00:00,55.6464,55.6464,53.4908,54.4129,345620,54.4129
2025-01-20 00:00:00,56.4787,58.6802,56.2372,57.4926,814355,57.4926
2025-01-21 00:00:00,56.8839,58.281,54.8979,56.1514,373725,56.1514
2025-01-22 00:00:00,56.9936,59.0195,55.1095,57.81,394150,57.81
2025-01-23 00:00:00,57.8818,58.792,55.0875,55.842,214130,55.842
2025-01-24 00:00:00,55.842,58.6203,55.0875,58.297,858085,58.297
2025-01-27 00:00:00,58.0814,58.0814,54.4588,56.2352,346840,56.2352
2025-01-28 00:00:00,55.8859,58.8798,54.8241,58.0854,353905,58.0854
2025-01-29 00:00:00,58.8399,61.6701,57.4168,58.8858,637090,58.8858
2025-01-30 00:00:00,58.9596,59.4387,57.2451,58.1553,212190,58.1553
2025-01-31 00:00:00,58.8598,59.4726,57.6982,58.4048,309120,58.4048
2025-02-01 00:00:00,58.281,60.8358,54.8979,57.5425,655600,57.5425
2025-02-03 00:00:00,56.6843,58.2211,56.6843,57.0435,141675,57.0435
2025-02-04 00:00:00,57.8319,58.291,56.0855,57.8319,149160,57.8319
2025-02-05 00:00:00,58.4607,59.6383,57.9018,59.3688,230295,59.3688
2025-02-06 00:00:00,60.257,61.4745,59.3688,59.6682,236360,59.6682
2025-02-07 00:00:00,58.77,59.6782,57.4427,58.0415,95080,58.0415
2025-02-10 00:00:00,58.3409,58.3409,56.0855,57.0136,162665,57.0136
2025-02-11 00:00:00,57.0136,57.6024,54.4488,55.367,207180,55.367
2025-02-12 00:00:00,54.7482,57.7421,54.7482,57.1234,264010,57.1234
2025-02-13 00:00:00,57.7421,59.2191,56.9338,58.2112,210510,58.2112
2025-02-14 00:00:00,59.259,59.279,55.8859,56.5446,134720,56.5446
2025-02-17 00:00:00,55.6963,58.0715,53.2313,57.0236,173090,57.0236
2025-02-18 00:00:00,57.313,57.4228,55.8859,56.1554,47575,56.1554
2025-02-19 00:00:00,55.3171,60.0674,55.2273,58.9297,134720,58.9297
2025-02-20 00:00:00,58.7301,62.8916,56.6144,61.8936,583565,61.8936
2025-02-21 00:00:00,62.5124,63.4704,59.6283,61.7639,457055,61.7639
2025-02-24 00:00:00,61.7639,61.7639,59.0694,60.4266,232460,60.4266
2025-02-25 00:00:00,59.5185,60.9456,59.4786,59.778,91745,59.778
2025-02-27 00:00:00,60.0774,60.3568,58.1712,59.9875,180775,59.9875
2025-02-28 00:00:00,60.8857,60.8857,57.3429,57.6024,164770,57.6024
2025-03-03 00:00:00,57.2831,59.4786,56.0855,58.9896,132095,58.9896
2025-03-04 00:00:00,58.9896,60.267,57.6922,59.8578,224350,59.8578
2025-03-05 00:00:00,59.8778,62.0733,57.4527,59.1592,457855,59.1592
2025-03-06 00:00:00,58.8898,64.2588,58.8898,61.0154,635725,61.0154
2025-03-07 00:00:00,60.9955,60.9955,59.5784,59.9376,137625,59.9376
2025-03-10 00:00:00,60.3268,61.5743,58.9197,60.6662,105340,60.6662
2025-03-11 00:00:00,59.1592,63.211,59.1592,62.5124,124300,62.5124
2025-03-12 00:00:00,62.5124,64.8676,61.3248,63.0912,338380,63.0912
2025-03-13 00:00:00,63.4106,64.668,62.0733,62.193,124790,62.193
2025-03-17 00:00:00,63.8297,64.5083,60.0075,60.5264,240345,60.5264
2025-03-18 00:00:00,60.5264,60.5264,60.5264,60.5264,0,60.5264
2025-03-19 00:00:00,59.9776,61.8537,59.3488,59.5884,142910,59.5884
2025-03-20 00:00:00,59.289,60.0574,55.2073,56.2751,561210,56.2751
2025-03-21 00:00:00,56.2252,58.0615,55.0875,57.1034,165085,57.1034
2025-03-24 00:00:00,58.0415,58.6702,56.6643,57.3529,220990,57.3529
2025-03-25 00:00:00,58.8598,58.8598,56.7741,57.0136,79045,57.0136
2025-03-26 00:00:00,57.0136,57.8619,53.4609,54.4688,283420,54.4688
2025-03-27 00:00:00,53.2912,57.2232,51.6845,52.5527,549195,52.5527
2025-03-28 00:00:00,52.4928,57.4826,49.8981,56.0655,487020,56.0655
2025-04-01 00:00:00,56.0655,58.1712,55.7163,57.293,104935,57.293
2025-04-02 00:00:00,57.2132,57.2631,55.4568,55.7961,72535,55.7961
2025-04-03 00:00:00,54.8879,56.335,54.8879,55.4069,56260,55.4069
2025-04-04 00:00:00,55.6863,55.6863,51.934,53.4808,160720,53.4808
2025-04-07 00:00:00,48.3014,52.5827,47.9022,51.0258,142880,51.0258
2025-04-08 00:00:00,51.3552,53.4908,51.2055,52.5527,71710,52.5527
2025-04-09 00:00:00,52.892,53.0617,50.1177,50.9161,39455,50.9161
2025-04-11 00:00:00,51.2953,53.6904,51.2953,52.9918,46055,52.9918
2025-04-15 00:00:00,52.892,55.4668,52.892,54.6085,69910,54.6085
2025-04-16 00:00:00,54.8081,54.8081,53.4509,53.9399,22130,53.9399
2025-04-17 00:00:00,54.0397,54.868,53.7403,54.1794,30930,54.1794
2025-04-21 00:00:00,54.6884,54.6884,51.6945,52.922,188745,52.922
2025-04-22 00:00:00,53.3511,55.4668,52.6725,55.0576,87830,55.0576
2025-04-23 00:00:00,54.9877,56.4947,54.2892,54.4688,44550,54.4688
2025-04-24 00:00:00,54.2293,54.878,54.0297,54.0996,29345,54.0996
2025-04-25 00:00:00,53.6006,54.0896,52.2932,52.8022,66560,52.8022
2025-04-28 00:00:00,51.904,54.389,51.904,53.7303,45555,53.7303
2025-04-29 00:00:00,53.9399,54.6884,52.5527,52.8421,55580,52.8421
2025-04-30 00:00:00,52.3631,53.4509,51.924,52.9519,43425,52.9519
2025-05-02 00:00:00,52.9519,53.2812,51.4749,51.8242,44000,51.8242
2025-05-05 00:00:00,52.0837,53.89,51.3053,53.6006,131095,53.6006
2025-05-06 00:00:00,53.6006,54.868,51.2953,52.2533,118450,52.2533
2025-05-07 00:00:00,53.2812,53.2812,50.2973,50.8063,203010,50.8063
2025-05-08 00:00:00,51.4849,58.77,50.8961,56.824,548950,56.824
2025-05-09 00:00:00,55.2572,59.3189,55.2372,58.9197,461210,58.9197
2025-05-12 00:00:00,61.0753,63.0712,58.5006,59.4087,628360,59.4087
2025-05-13 00:00:00,59.0794,59.6782,57.6822,59.0594,289660,59.0594
2025-05-14 00:00:00,59.8378,59.9476,57.0934,57.3629,262835,57.3629
2025-05-15 00:00:00,57.822,59.3588,57.812,58.4507,79175,58.4507
2025-05-16 00:00:00,58.4507,58.8099,56.6843,57.3829,141585,57.3829
2025-05-19 00:00:00,57.4926,58.281,55.9059,56.4747,102990,56.4747
2025-05-20 00:00:00,57.0835,57.2731,55.0077,55.6963,329915,55.6963
2025-05-21 00:00:00,55.9757,58.8399,55.2871,58.5605,250830,58.5605
2025-05-22 00:00:00,58.0814,62.8617,57.8818,62.3527,629355,62.3527
2025-05-23 00:00:00,62.8717,65.5462,62.682,63.1611,598715,63.1611
2025-05-26 00:00:00,63.181,65.8655,63.181,64.0992,766590,64.0992
2025-05-27 00:00:00,64.3886,65.4664,62.7719,64.3087,455555,64.3087
2025-05-28 00:00:00,65.0472,65.0672,62.8717,63.201,288450,63.201
2025-05-29 00:00:00,63.3706,64.4684,62.682,63.7598,169505,63.7598
2025-05-30 00:00:00,63.4804,68.7397,61.9535,67.7517,667720,67.7517
2025-06-02 00:00:00,69.8574,78.8191,69.8574,71.8932,4485335,71.8932
2025-06-03 00:00:00,72.971,75.8452,68.8794,69.5979,1687310,69.5979
2025-06-04 00:00:00,70.1568,71.6038,69.8773,71.1248,477240,71.1248
2025-06-05 00:00:00,71.8234,72.3423,69.3684,69.7077,690050,69.7077
2025-06-06 00:00:00,71.1947,71.1947,69.6578,70.2366,288310,70.2366
2025-06-09 00:00:00,70.8454,71.2446,69.8674,70.6158,258460,70.6158
2025-06-10 00:00:00,70.6358,74.8472,70.6358,72.7415,951570,72.7415
2025-06-11 00:00:00,73.3203,73.3303,68.0211,68.4403,665785,68.4403
2025-06-12 00:00:00,68.4403,70.8354,67.8615,69.7277,444165,69.7277
2025-06-13 00:00:00,68.8594,71.1947,68.071,69.568,364235,69.568
2025-06-16 00:00:00,69.568,71.8533,68.9792,70.2566,355450,70.2566
2025-06-17 00:00:00,70.2566,71.6537,69.8574,70.2566,178385,70.2566
2025-06-18 00:00:00,70.2666,71.025,69.3584,70.5659,320360,70.5659
2025-06-19 00:00:00,71.4342,72.6517,68.9792,71.015,1251640,71.015
2025-06-20 00:00:00,71.2446,75.8052,70.5759,74.9171,1553870,74.9171
2025-06-23 00:00:00,75.6456,85.3557,75.6456,83.1702,12671400,83.1702
2025-06-24 00:00:00,84.0584,87.4215,83.26,85.246,3796020,85.246
2025-06-25 00:00:00,85.246,87.7708,81.8429,83.5894,2387475,83.5894
2025-06-26 00:00:00,83.8289,88.2199,83.8189,87.3217,1583820,87.3217
2025-06-27 00:00:00,86.6331,88.2199,84.3578,85.246,1038690,85.246
2025-06-30 00:00:00,85.6651,86.703,82.6114,83.1403,920240,83.1403
2025-07-01 00:00:00,83.4297,85.0164,81.8629,83.6393,468080,83.6393
2025-07-02 00:00:00,84.6173,84.7769,82.1323,82.5215,370240,82.5215
2025-07-03 00:00:00,83.0305,86.5633,81.6533,85.1562,585825,85.1562
2025-07-04 00:00:00,86.204,86.204,82.4217,84.3578,381655,84.3578
2025-07-07 00:00:00,84.3578,87.8107,82.9507,83.25,525835,83.25
2025-07-08 00:00:00,83.0505,89.168,78.5496,80.4458,3185500,80.4458
2025-07-09 00:00:00,80.4458,81.4338,79.2981,80.4458,597610,80.4458
2025-07-10 00:00:00,79.867,83.6792,79.867,83.4596,755975,83.4596
2025-07-11 00:00:00,83.8189,86.4136,81.823,83.749,4008915,83.749
2025-07-14 00:00:00,87.6211,90.5452,84.1881,84.5674,3382085,84.5674
2025-07-15 00:00:00,85.0164,89.2179,83.8388,88.18,3109585,88.18
2025-07-16 00:00:00,89.3077,89.6769,86.5234,87.0323,1780845,87.0323
2025-07-17 00:00:00,87.7309,88.0203,84.3678,85.8747,1183735,85.8747
2025-07-18 00:00:00,85.8248,87.0223,84.0285,84.5873,820130,84.5873
2025-07-21 00:00:00,84.6272,88.6191,82.5714,87.202,1910840,87.202
2025-07-22 00:00:00,87.6211,89.3476,85.0763,85.7649,1420165,85.7649
2025-07-23 00:00:00,86.4535,86.4535,84.1183,84.7969,536185,84.7969
2025-07-24 00:00:00,84.7969,88.4095,84.4875,86.703,1593515,86.703
2025-07-25 00:00:00,87.0224,87.1621,84.2281,85.7649,739180,85.7649
2025-07-28 00:00:00,86.7828,86.7828,81.4437,82.5315,2083425,82.5315
2025-07-29 00:00:00,82.5315,85.5254,82.1024,85.0763,837675,85.0763
2025-07-30 00:00:00,85.0264,92.8105,84.9067,91.2537,4076590,91.2537
2025-07-31 00:00:00,90.7747,92.7906,88.2498,89.0183,2097830,89.0183
2025-08-01 00:00:00,88.8187,90.7148,86.6232,86.9525,845150,86.9525
2025-08-04 00:00:00,86.9625,88.659,86.194,88.1201,642670,88.1201
2025-08-05 00:00:00,88.5592,89.8166,86.8427,88.6091,648450,88.6091
2025-08-06 00:00:00,89.2079,89.2079,84.8268,85.9545,891160,85.9545
2025-08-07 00:00:00,85.8248,85.8947,82.4417,84.0185,719560,84.0185
2025-08-08 00:00:00,83.8388,85.1761,81.8329,84.3079,1018215,84.3079
2025-08-11 00:00:00,84.8268,86.6132,83.8688,84.9466,915070,84.9466
2025-08-12 00:00:00,85.0264,86.0244,83.2301,84.1782,722280,84.1782
2025-08-13 00:00:00,85.0264,85.0963,83.25,83.9087,550855,83.9087
2025-08-14 00:00:00,83.7091,85.5254,82.8309,84.238,606105,84.238
2025-08-18 00:00:00,85.8148,85.8148,83.749,84.9965,643390,84.9965
2025-08-19 00:00:00,84.9965,88.8087,84.0584,88.3696,1807295,88.3696
2025-08-20 00:00:00,89.667,90.615,87.8407,88.2598,1021385,88.2598
2025-08-21 00:00:00,88.4594,88.7987,87.1521,87.5513,879340,87.5513
2025-08-22 00:00:00,87.6111,90.7947,87.3317,88.7189,1739160,88.7189
2025-08-25 00:00:00,89.0083,91.4134,84.1283,86.4535,2249930,86.4535
2025-08-26 00:00:00,85.3345,86.9131,84.5452,85.0947,941285,85.0947
2025-08-28 00:00:00,85.0947,87.4227,82.0774,85.0747,964940,85.0747
2025-08-29 00:00:00,85.2246,85.7441,83.5361,83.9957,658705,83.9957
2025-09-01 00:00:00,84.0157,85.5243,83.2264,83.8059,647225,83.8059
2025-09-02 00:00:00,83.636,85.1846,82.7368,82.9366,523950,82.9366
2025-09-03 00:00:00,83.3563,84.5452,83.0565,83.656,547840,83.656
2025-09-04 00:00:00,84.725,85.894,83.1265,84.1555,606340,84.1555
2025-09-05 00:00:00,84.5352,85.1846,82.487,83.1664,402020,83.1664
2025-09-08 00:00:00,83.9457,84.1256,79.0301,81.408,1701615,81.408
2025-09-09 00:00:00,81.2281,83.1364,79.5596,82.3172,736245,82.3172
2025-09-10 00:00:00,82.3172,82.9266,79.8993,82.0074,813225,82.0074
2025-09-11 00:00:00,81.5279,83.1265,81.2781,82.1273,1012985,82.1273
2025-09-12 00:00:00,82.3272,85.2746,82.3272,83.7259,1031620,83.7259
2025-09-15 00:00:00,84.5252,86.7832,84.5152,86.1238,1433985,86.1238
2025-09-16 00:00:00,86.9231,87.2828,84.735,85.3345,802170,85.3345
2025-09-17 00:00:00,85.6642,86.5934,83.9757,86.0639,587835,86.0639
2025-09-18 00:00:00,86.3036,86.9231,84.9848,85.7941,828625,85.7941
2025-09-19 00:00:00,85.7242,87.3127,84.6251,85.9639,750285,85.9639
2025-09-22 00:00:00,85.9639,86.5634,84.9249,85.1347,435695,85.1347
2025-09-23 00:00:00,84.3254,86.0239,83.9457,84.4253,574315,84.4253
2025-09-24 00:00:00,84.3054,85.3645,83.5261,83.8958,512730,83.8958
2025-09-25 00:00:00,83.9257,84.2355,82.9266,83.2064,583690,83.2064
2025-09-26 00:00:00,83.2064,83.4362,80.6786,81.6677,573315,81.6677
2025-09-29 00:00:00,81.6677,81.9975,76.3524,77.1817,879995,77.1817
2025-09-30 00:00:00,77.1318,78.8303,74.564,75.673,1258860,75.673
2025-10-01 00:00:00,75.2634,78.031,74.9837,77.5914,1001070,77.5914
2025-10-03 00:00:00,76.812,79.4897,76.812,78.9002,838155,78.9002
2025-10-06 00:00:00,79.4897,84.0257,79.4797,83.4662,867010,83.4662
2025-10-07 00:00:00,84.1156,86.3236,83.5461,85.2246,1525830,85.2246
2025-10-08 00:00:00,85.8241,90.6798,84.9349,88.0521,4344355,88.0521
2025-10-09 00:00:00,88.9213,89.1112,86.3236,87.7923,1158580,87.7923
2025-10-10 00:00:00,88.2219,88.5117,86.0239,87.8523,718785,87.8523
2025-10-13 00:00:00,89.1211,90.8596,85.0847,86.1738,1242745,86.1738
2025-10-14 00:00:00,86.8831,88.2519,84.9448,85.3944,617360,85.3944
2025-10-15 00:00:00,85.924,86.8632,84.5352,86.0639,608610,86.0639
2025-10-16 00:00:00,86.4935,88.9213,86.4835,87.5625,843855,87.5625
2025-10-17 00:00:00,88.3019,90.1103,86.9231,89.4708,1244465,89.4708
2025-10-20 00:00:00,89.9204,92.658,88.9213,91.8687,2165715,91.8687
2025-10-21 00:00:00,92.9178,93.857,86.6933,90.44,871075,90.44
2025-10-23 00:00:00,92.718,92.8579,83.9357,84.6351,1750475,84.6351
2025-10-24 00:00:00,84.3254,84.3753,80.5287,81.6178,1368480,81.6178
2025-10-27 00:00:00,81.5279,82.7668,80.3889,82.0574,729365,82.0574
2025-10-28 00:00:00,82.3272,82.7068,81.1482,81.6877,650100,81.6877
2025-10-29 00:00:00,81.7377,82.0474,80.7586,80.9484,443980,80.9484
2025-10-30 00:00:00,81.5479,82.0374,81.1482,81.4979,289480,81.4979
2025-10-31 00:00:00,81.348,82.1473,80.9784,81.2981,525295,81.2981
2025-11-03 00:00:00,81.9275,82.0974,80.9484,81.6278,303430,81.6278
2025-11-04 00:00:00,81.6278,82.9266,80.9284,82.5969,466265,82.5969
2025-11-06 00:00:00,82.5969,84.3254,82.0974,83.6959,733855,83.6959
2025-11-07 00:00:00,82.9466,83.2563,81.358,82.9566,330635,82.9566
2025-11-10 00:00:00,83.7259,84.4053,82.0574,83.1364,324605,83.1364
2025-11-11 00:00:00,83.9158,83.9158,80.4488,81.0683,339575,81.0683
2025-11-12 00:00:00,81.368,83.9058,81.1682,82.4371,226710,82.4371
2025-11-13 00:00:00,82.9366,83.8558,81.7277,81.9875,223980,81.9875
2025-11-14 00:00:00,81.7277,83.1065,81.2381,81.5179,206350,81.5179
2025-11-17 00:00:00,81.5479,81.9275,80.9284,81.0383,215360,81.0383
2025-11-18 00:00:00,81.0383,82.7868,80.5288,82.1373,253510,82.1373
2025-11-19 00:00:00,82.2073,82.7068,80.5887,81.9175,261670,81.9175
2025-11-20 00:00:00,82.3272,82.9067,80.7685,81.2581,255835,81.2581
2025-11-21 00:00:00,81.5379,81.6178,78.5905,79.8993,366090,79.8993
2025-11-24 00:00:00,79.9693,81.1182,77.5414,78.0809,299190,78.0809
2025-11-25 00:00:00,78.9102,79.3098,77.0618,78.3906,288910,78.3906
2025-11-26 00:00:00,78.3107,80.7286,78.3107,80.3589,282505,80.3589
2025-11-27 00:00:00,80.279,80.4888,77.5414,78.5605,192165,78.5605
2025-11-28 00:00:00,79.11,80.1591,78.1309,79.7694,225250,79.7694
2025-12-01 00:00:00,79.5296,81.5279,78.5405,80.6686,356050,80.6686
2025-12-02 00:00:00,79.8593,82.1074,79.16,81.5878,297735,81.5878
2025-12-03 00:00:00,80.7685,84.725,80.6586,82.7268,558100,82.7268
2025-12-04 00:00:00,82.1273,82.4471,80.239,80.6087,358430,80.6087
2025-12-05 00:00:00,81.0283,81.6178,79.5396,81.328,218260,81.328
2025-12-08 00:00:00,80.6287,81.1082,78.1509,78.7104,212200,78.7104
2025-12-09 00:00:00,77.5314,80.0292,76.4923,79.4997,238620,79.4997
2025-12-10 00:00:00,79.1,81.428,78.2108,81.1182,337110,81.1182
2025-12-11 00:00:00,81.1182,81.6178,79.6395,81.3081,204260,81.3081
2025-12-12 00:00:00,81.9075,82.2972,81.0483,81.6478,211730,81.6478
2025-12-15 00:00:00,81.5279,81.8876,80.3289,80.8884,141935,80.8884
2025-12-16 00:00:00,80.8884,82.3272,80.3489,81.2581,251695,81.2581
2025-12-17 00:00:00,80.9484,81.8576,79.9493,80.1491,188380,80.1491
2025-12-18 00:00:00,80.4288,80.8784,79.1899,80.199,203875,80.199
2025-12-19 00:00:00,80.299,80.6087,79.5796,80.209,130655,80.209
2025-12-22 00:00:00,80.209,81.9775,79.7494,81.5778,328170,81.5778
2025-12-23 00:00:00,81.378,82.2572,81.0383,81.9175,211770,81.9175
2025-12-24 00:00:00,81.5279,83.616,81.328,82.9067,428770,82.9067
2025-12-26 00:00:00,82.7268,83.646,82.0074,82.5769,361195,82.5769
2025-12-29 00:00:00,83.686,85.5044,82.5769,84.9948,653035,84.9948
2025-12-30 00:00:00,84.9249,85.7242,84.1356,85.1047,568745,85.1047
2025-12-31 00:00:00,85.904,87.053,83.7159,84.3054,754660,84.3054
2026-01-01 00:00:00,85.3845,85.864,83.596,85.5343,302880,85.5343
2026-01-02 00:00:00,85.5343,86.3136,84.1056,85.884,324880,85.884
2026-01-05 00:00:00,85.884,87.9022,84.9149,86.6533,563085,86.6533
2026-01-06 00:00:00,87.5126,87.5126,85.7741,87.3427,471230,87.3427
2026-01-07 00:00:00,87.2428,90.1203,86.9231,89.261,1384340,89.261
2026-01-08 00:00:00,89.1211,90.0703,82.3272,83.5161,2558855,83.5161
2026-01-09 00:00:00,84.0756,85.8241,78.7204,80.0192,998620,80.0192
2026-01-12 00:00:00,80.1191,81.1282,78.4606,80.6786,854380,80.6786
2026-01-13 00:00:00,80.279,81.1682,78.4406,78.8602,608635,78.8602
2026-01-14 00:00:00,78.5405,80.4688,78.5405,79.6295,554185,79.6295
2026-01-15 00:00:00,79.6295,79.6295,79.6295,79.6295,0,79.6295
2026-01-16 00:00:00,79.13,79.3298,78.3507,78.8702,313460,78.8702
2026-01-19 00:00:00,77.5814,80.229,77.2517,79.9193,571240,79.9193
2026-01-20 00:00:00,79.5196,80.0991,78.1309,79.2199,690310,79.2199
2026-01-21 00:00:00,77.8311,81.1182,76.7421,80.8585,920290,80.8585
2026-01-22 00:00:00,81.7277,85.3245,80.7286,82.1473,974750,82.1473
2026-01-23 00:00:00,81.7277,83.2563,80.1491,81.5778,551800,81.5778
2026-01-27 00:00:00,81.5778,81.5778,79.5796,80.0592,477695,80.0592
2026-01-28 00:00:00,80.239,81.6877,78.7303,80.6886,698005,80.6886
2026-01-29 00:00:00,79.9293,83.1264,79.9193,81.8676,439730,81.8676
2026-01-30 00:00:00,81.8676,83.1165,80.6387,82.1573,656390,82.1573
2026-02-02 00:00:00,82.9266,83.7259,81.2082,83.0765,621705,83.0765
2026-02-03 00:00:00,86.1937,87.8723,82.9466,84.815,1083325,84.815
2026-02-04 00:00:00,85.1247,86.1138,85.0348,85.904,504230,85.904
2026-02-05 00:00:00,85.8241,86.8632,85.8141,86.7133,841750,86.7133
2026-02-06 00:00:00,86.7233,89.2211,86.7233,88.3618,1715795,88.3618
2026-02-09 00:00:00,89.4808,92.2184,88.9613,90.43,3556070,90.43
2026-02-10 00:00:00,91.0894,93.7171,90.42,92.8179,2349515,92.8179
2026-02-11 00:00:00,93.7071,95.5055,91.9786,92.7679,2643610,92.7679
2026-02-12 00:00:00,93.1876,95.4156,92.9378,93.5073,1995225,93.5073
2026-02-13 00:00:00,92.8778,94.2166,92.738,92.8678,1292900,92.8678
2026-02-16 00:00:00,93.1176,96.6045,90.45,96.035,1961985,96.035
2026-02-17 00:00:00,96.8943,97.8035,91.539,92.8778,2306800,92.8778
2026-02-18 00:00:00,93.4573,94.7162,92.3283,94.3066,1498555,94.3066
2026-02-19 00:00:00,93.9569,94.5064,90.7797,91.7788,1745260,91.7788
2026-02-20 00:00:00,91.8387,92.9178,91.2593,92.1884,1055415,92.1884
2026-02-23 00:00:00,92.1884,93.5073,91.499,92.9578,1107590,92.9578
2026-02-24 00:00:00,91.4291,92.718,91.2393,92.638,995065,92.638
2026-02-25 00:00:00,93.2875,94.0868,92.1185,92.3083,1437365,92.3083
2026-02-26 00:00:00,92.3083,95.2957,92.3083,95.0059,1017675,95.0059
2026-02-27 00:00:00,95.1158,95.7153,93.0377,93.6671,1188360,93.6671
2026-03-02 00:00:00,92.3183,93.0377,89.311,89.9704,2780180,89.9704
2026-03-04 00:00:00,91.1893,92.3083,90.9296,92.1984,1159920,92.1984
2026-03-05 00:00:00,92.1185,93.9069,91.9586,92.9777,1526520,92.9777
2026-03-06 00:00:00,92.9178,96.2948,92.9078,93.857,2390220,93.857
2026-03-09 00:00:00,92.6181,93.4573,90.8796,91.8088,1810535,91.8088
2026-03-10 00:00:00,91.7189,93.9169,91.7189,92.5681,1103355,92.5681
2026-03-11 00:00:00,92.8878,93.8769,92.1685,92.708,1240395,92.708
2026-03-12 00:00:00,92.2284,93.4973,91.3192,93.3074,1468510,93.3074
2026-03-13 00:00:00,93.867,94.0568,87.9822,89.2211,2522510,89.2211
2026-03-16 00:00:00,87.5326,90.7097,87.5326,89.7806,1721170,89.7806
2026-03-17 00:00:00,89.9105,92.2784,88.9113,89.8405,1883575,89.8405
2026-03-18 00:00:00,90.0104,91.4491,89.1711,89.7906,1449600,89.7906
2026-03-19 00:00:00,87.6325,88.7215,86.1738,87.3727,1310845,87.3727
2026-03-20 00:00:00,87.9222,91.4591,87.1429,90.5299,4704500,90.5299
2026-03-23 00:00:00,89.321,89.6507,87.3727,88.222,1653035,88.222
2026-03-24 00:00:00,88.3219,91.4391,87.083,90.7397,2590990,90.7397
2026-03-25 00:00:00,91.9187,93.8969,90.41,92.9678,1486505,92.9678
2026-03-27 00:00:00,92.7579,95.3656,91.7189,92.1485,665635,92.1485
2026-03-30 00:00:00,90.7697,95.3057,90.7697,92.0086,2167210,92.0086
2026-04-01 00:00:00,94.7062,101.8998,93.3174,100.8708,3905505,100.8708
2026-04-02 00:00:00,100.8708,107.3051,97.9633,106.256,3163060,106.256
2026-04-06 00:00:00,107.5748,109.8828,105.3268,105.9662,1894240,105.9662
2026-04-07 00:00:00,105.9063,108.1044,105.3968,107.2851,738420,107.2851
2026-04-08 00:00:00,110.5122,110.5122,107.4649,108.8737,1939070,108.8737
2026-04-09 00:00:00,110.0027,110.3024,107.3051,107.9245,909165,107.9245
2026-04-10 00:00:00,109.5031,109.5031,104.1778,104.6674,704435,104.6674
2026-04-13 00:00:00,103.5084,105.9063,100.7309,105.5966,973790,105.5966
2026-04-15 00:00:00,107.8846,111.6912,105.8364,109.653,1531805,109.653
2026-04-16 00:00:00,110.9019,111.5013,108.3342,109.5331,908860,109.5331
2026-04-17 00:00:00,110.5822,111.7012,100.2413,101.8199,4837200,101.8199
2026-04-20 00:00:00,102.5093,104.6974,100.7309,103.968,1916880,103.968
2026-04-21 00:00:00,103.968,104.5075,100.9107,101.4303,825840,101.4303
2026-04-22 00:00:00,101.4303,103.7082,100.9307,101.4203,812310,101.4203
2026-04-23 00:00:00,101.4203,103.4784,100.4112,103.0588,872385,103.0588
2026-04-24 00:00:00,103.0588,103.1587,100.9107,101.2804,501780,101.2804
2026-04-27 00:00:00,101.4103,104.6974,100.5211,103.8981,893225,103.8981
2026-04-28 00:00:00,104.9072,108.0944,103.9181,105.2069,1622340,105.2069
2026-04-29 00:00:00,105.4667,106.4258,101.0106,104.7673,1764255,104.7673
2026-04-30 00:00:00,105.5067,106.8355,103.3286,105.067,979050,105.067
2026-05-01 00:00:00,105.067,105.067,105.067,105.067,0,105.067
2026-05-04 00:00:00,104.7074,110.0926,104.1079,109.5831,2541235,109.5831
2026-05-05 00:00:00,110.1026,112.9201,109.9527,112.6703,2263560,112.6703
2026-05-06 00:00:00,113.2598,114.6885,110.9219,114.2689,1768880,114.2689
2026-05-07 00:00:00,114.7585,116.0973,113.5096,115.238,1106450,115.238
2026-05-08 00:00:00,113.9092,116.8966,113.8892,114.7385,525640,114.7385
2026-05-11 00:00:00,114.2589,114.2689,108.2143,109.9527,1657020,109.9527
2026-05-12 00:00:00,109.1534,110.6921,107.1252,109.4232,842310,109.4232
2026-05-13 00:00:00,109.4232,109.9927,106.0162,106.9754,734775,106.9754
2026-05-14 00:00:00,108.0044,108.0044,104.7573,105.8963,556090,105.8963
2026-05-15 00:00:00,106.9054,108.504,104.6774,106.9654,638245,106.9654
2026-05-18 00:00:00,106.0162,107.5948,104.7174,105.127,573165,105.127
2026-05-19 00:00:00,105.127,107.9045,104.3077,106.0761,628565,106.0761
2026-05-20 00:00:00,106.0761,109.3033,104.9072,108.2143,906525,108.2143
2026-05-21 00:00:00,109.7029,110.3024,107.9445,109.1734,756880,109.1734
2026-05-22 00:00:00,108.8737,110.1026,105.4367,106.1161,880260,106.1161
2026-05-25 00:00:00,106.1161,110.0526,106.1161,108.8037,823110,108.8037
2026-05-26 00:00:00,108.1443,112.1008,107.7047,109.593,1076040,109.593
2026-05-27 00:00:00,109.2034,109.3233,105.117,105.5966,1638335,105.5966
2026-05-28 00:00:00,105.5966,105.5966,105.5966,105.5966,0,105.5966
2026-05-29 00:00:00,106.7056,109.4931,105.0071,105.8464,854115,105.8464
2026-06-01 00:00:00,105.7065,107.1052,104.9072,105.4567,584615,105.4567
2026-06-02 00:00:00,105.0471,108.9037,103.998,108.554,857750,108.554
2026-06-03 00:00:00,108.6039,110.6121,107.1052,107.8546,1038450,107.8546
2026-06-04 00:00:00,108.2342,111.881,108.2342,111.0318,1067230,111.0318
2026-06-05 00:00:00,111.901,114.3688,108.494,109.2633,1206535,109.2633
2026-06-08 00:00:00,108.3042,109.8828,107.0153,109.1335,719865,109.1335
2026-06-09 00:00:00,108.504,112.8901,108.1243,110.6821,1010475,110.6821
2026-06-10 00:00:00,110.9019,114.0991,110.3024,111.2815,759675,111.2815
2026-06-11 00:00:00,110.2325,112.9001,110.2325,111.8011,821185,111.8011
2026-06-12 00:00:00,112.9001,114.4987,111.5013,112.5604,1121990,112.5604
2026-06-15 00:00:00,114.0991,115.3879,112.7003,113.2298,1024970,113.2298
2026-06-16 00:00:00,113.2198,115.4978,112.5005,113.03,932710,113.03
2026-06-17 00:00:00,113.24,113.81,111.35,112.65,528200,112.65
2026-06-18 00:00:00,113.0,113.73,111.94,113.18,543395,113.18
2026-06-19 00:00:00,113.16,113.8,111.01,112.6,531065,112.6
2026-06-22 00:00:00,111.59,113.5,109.25,111.12,1621170,111.12
2026-06-23 00:00:00,111.1,112.15,109.01,110.09,485875,110.09
2026-06-24 00:00:00,109.6,115.46,109.6,114.5,1187045,114.5
2026-06-25 00:00:00,115.6,117.0,113.47,115.34,917280,115.34
2026-06-26 00:00:00,115.34,115.34,115.34,115.34,0,115.34
2026-06-29 00:00:00,116.78,116.8,111.6,112.45,1617025,112.45
2026-06-30 00:00:00,113.8,115.02,111.88,112.4,758735,112.4
2026-07-01 00:00:00,113.07,120.0,106.41,118.65,2560260,118.65
2026-07-02 00:00:00,118.65,122.18,118.48,120.86,2016660,120.86
2026-07-03 00:00:00,120.5,126.95,115.05,125.15,1010021,125.15
