date,open,high,low,close,volume,adj_close
2024-05-21,13.15,13.7,12.95,13.65,8248146,13.65
2024-05-22,13.65,13.9,13.15,13.8,9068480,13.8
2024-05-23,13.8,14.3,13.45,14.15,15138262,14.15
2024-05-24,14.1,14.45,13.9,14.15,7591971,14.15
2024-05-27,14.4,15.1,13.95,14.25,11342066,14.25
2024-05-28,14.4,14.4,13.45,13.6,5938886,13.6
2024-05-29,13.4,14.4,13.35,14.1,6727912,14.1
2024-05-30,14.1,14.25,13.55,13.75,5361262,13.75
2024-05-31,13.85,13.9,13.05,13.2,6932978,13.2
2024-06-03,13.65,13.85,13.3,13.45,5295676,13.45
2024-06-04,13.5,13.55,10.8,11.5,11561217,11.5
2024-06-05,13.45,13.7,12.1,12.95,15430715,12.95
2024-06-06,13.05,14.5,13.05,14.4,18373890,14.4
2024-06-07,14.55,14.55,14.05,14.1,7615073,14.1
2024-06-10,14.15,15.0,13.81,14.77,13897850,14.77
2024-06-11,14.99,15.25,14.76,14.85,17965921,14.85
2024-06-12,14.95,15.65,14.62,15.4,22038902,15.4
2024-06-13,15.45,15.48,14.7,14.91,9913228,14.91
2024-06-14,14.99,15.14,14.1,14.39,9906468,14.39
2024-06-18,14.43,14.75,14.21,14.59,9284122,14.59
2024-06-19,14.7,14.7,14.26,14.46,8398993,14.46
2024-06-20,14.55,14.58,14.15,14.2,6373886,14.2
2024-06-21,14.32,14.45,14.11,14.21,5058668,14.21
2024-06-24,14.4,14.54,14.15,14.26,3562778,14.26
2024-06-25,14.31,14.64,14.21,14.31,9352015,14.31
2024-06-26,14.35,15.53,14.0,14.55,53943995,14.55
2024-06-27,15.1,15.18,14.55,14.66,17699146,14.66
2024-06-28,14.66,15.15,14.65,14.88,13088261,14.88
2024-07-01,14.9,14.91,14.65,14.71,5859304,14.71
2024-07-02,14.72,15.09,14.51,14.64,9898439,14.64
2024-07-03,15.09,15.09,14.62,14.86,7767192,14.86
2024-07-04,15.1,15.2,14.8,14.85,10759351,14.85
2024-07-05,14.84,15.75,14.7,15.6,24414130,15.6
2024-07-08,15.99,16.05,15.21,15.66,14235126,15.66
2024-07-09,15.6,15.9,15.17,15.37,9853468,15.37
2024-07-10,15.37,15.37,14.53,14.86,9439417,14.86
2024-07-11,14.86,14.98,14.6,14.69,3935115,14.69
2024-07-12,15.24,15.39,14.82,14.97,12428487,14.97
2024-07-15,15.3,15.3,14.65,14.89,11225622,14.89
2024-07-16,14.93,15.21,14.25,14.57,7185567,14.57
2024-07-18,14.59,14.62,13.81,13.93,9375855,13.93
2024-07-19,13.93,14.02,13.01,13.1,10279938,13.1
2024-07-22,13.0,13.35,11.8,12.71,11125605,12.71
2024-07-23,12.86,13.3,12.25,12.99,8463826,12.99
2024-07-24,12.94,13.87,12.9,13.55,9752623,13.55
2024-07-25,13.45,14.02,13.21,13.69,8852074,13.69
2024-07-26,13.8,13.98,13.52,13.62,5367286,13.62
2024-07-29,13.75,13.94,13.6,13.65,4520578,13.65
2024-07-30,13.65,14.94,13.63,14.55,18653388,14.55
2024-07-31,14.7,15.45,14.47,15.13,19050567,15.13
2024-08-01,15.19,15.31,14.51,14.62,9116225,14.62
2024-08-02,14.3,14.79,14.25,14.59,6542506,14.59
2024-08-05,14.01,14.27,13.44,13.65,8730403,13.65
2024-08-06,13.98,14.21,13.5,13.53,4237662,13.53
2024-08-07,13.7,14.25,13.53,13.87,4217911,13.87
2024-08-08,13.95,14.3,13.49,13.56,7186063,13.56
2024-08-09,13.71,14.1,13.57,13.64,2229672,13.64
2024-08-12,13.64,13.9,13.36,13.81,2883962,13.81
2024-08-13,13.9,13.9,13.17,13.29,2982041,13.29
2024-08-14,13.4,13.4,13.04,13.09,3085476,13.09
2024-08-16,13.29,13.37,13.12,13.16,1676224,13.16
2024-08-19,13.28,13.49,13.21,13.25,2092794,13.25
2024-08-20,13.33,13.41,13.08,13.21,1656765,13.21
2024-08-21,13.25,13.74,13.22,13.32,3779105,13.32
2024-08-22,13.4,13.6,13.34,13.39,2284553,13.39
2024-08-23,13.47,13.49,13.24,13.26,2024498,13.26
2024-08-26,13.33,13.33,12.99,13.05,3635906,13.05
2024-08-27,13.15,14.42,12.93,13.9,23186516,13.9
2024-08-28,14.0,14.15,13.45,13.52,7161290,13.52
2024-08-29,13.55,13.7,13.41,13.61,4143919,13.61
2024-08-30,13.61,13.61,13.2,13.3,2872106,13.3
2024-09-02,13.36,13.4,13.08,13.16,3500391,13.16
2024-09-03,13.29,13.29,13.02,13.04,2333482,13.04
2024-09-04,12.99,13.17,12.96,12.99,2267445,12.99
2024-09-05,13.01,13.23,12.93,12.96,2981794,12.96
2024-09-06,12.97,13.05,12.5,12.59,4375038,12.59
2024-09-09,12.62,12.74,12.42,12.63,1695064,12.63
2024-09-10,12.65,13.33,12.65,12.85,4497120,12.85
2024-09-11,12.9,12.98,12.48,12.51,2811128,12.51
2024-09-12,12.55,12.69,12.26,12.37,3098777,12.37
2024-09-13,12.5,13.24,12.44,13.17,8122783,13.17
2024-09-16,13.23,13.52,12.98,13.2,5037138,13.2
2024-09-17,13.21,13.26,12.75,12.92,3723630,12.92
2024-09-18,13.0,13.09,12.7,12.73,2026488,12.73
2024-09-19,12.66,13.1,12.45,12.97,7996414,12.97
2024-09-20,13.0,13.2,12.69,13.01,3245274,13.01
2024-09-23,13.01,14.45,12.92,14.09,23320505,14.09
2024-09-24,14.1,14.5,13.85,13.97,8746639,13.97
2024-09-25,15.4,16.4,15.0,15.73,74578075,15.73
2024-09-26,16.3,18.87,15.56,18.87,114001672,18.87
2024-09-27,20.4,20.75,19.35,20.75,67452431,20.75
2024-09-30,22.55,22.82,20.11,22.82,77667218,22.82
2024-10-01,23.7,25.1,23.21,25.1,63717377,25.1
2024-10-03,25.89,26.35,23.84,23.84,64440240,23.84
2024-10-04,22.64,23.5,22.64,22.64,49823570,22.64
2024-10-07,22.7,23.75,21.5,21.5,37668509,21.5
2024-10-08,20.51,22.57,20.42,22.56,11082432,22.56
2024-10-09,22.83,23.6,22.7,23.3,8147149,23.3
2024-10-10,24.2,24.2,22.2,22.54,2788379,22.54
2024-10-11,22.54,22.54,21.41,21.41,3214407,21.41
2024-10-14,20.81,22.48,20.8,22.47,6009243,22.47
2024-10-15,22.4,22.88,21.8,22.44,12782857,22.44
2024-10-16,22.0,22.6,21.44,22.02,3707611,22.02
2024-10-17,22.0,23.0,21.13,21.76,10519011,21.76
2024-10-18,21.26,22.5,20.7,21.9,7712483,21.9
2024-10-21,22.48,22.7,21.2,21.87,10779939,21.87
2024-10-22,21.95,21.95,20.77,20.77,915922,20.77
2024-10-23,20.4,20.4,19.73,19.98,9337080,19.98
2024-10-24,19.75,20.89,19.7,20.22,2596374,20.22
2024-10-25,20.47,20.47,19.2,19.2,1281520,19.2
2024-10-28,18.24,18.5,18.24,18.24,3282963,18.24
2024-10-29,17.65,19.15,17.65,19.15,2527057,19.15
2024-10-30,19.4,20.1,18.19,20.02,4381229,20.02
2024-10-31,19.99,20.14,19.2,19.33,1324826,19.33
2024-11-01,19.5,20.29,19.1,20.28,1190530,20.28
2024-11-04,20.89,21.0,19.6,20.8,1503911,20.8
2024-11-05,20.76,21.21,19.76,20.55,2960054,20.55
2024-11-06,20.69,21.55,20.0,21.28,2991513,21.28
2024-11-07,21.49,21.49,20.21,20.43,970135,20.43
2024-11-08,20.49,20.49,19.4,19.6,1184432,19.6
2024-11-11,19.39,20.15,19.01,19.66,1301150,19.66
2024-11-12,19.66,20.5,19.52,19.72,1869442,19.72
2024-11-13,19.69,19.94,18.73,18.73,1019350,18.73
2024-11-14,18.9,19.28,17.9,18.67,845609,18.67
2024-11-18,18.15,19.13,17.9,18.56,618119,18.56
2024-11-19,18.56,19.48,18.56,19.41,1079037,19.41
2024-11-21,19.33,19.33,18.43,18.5,1562738,18.5
2024-11-22,18.5,18.88,17.9,18.22,1129791,18.22
2024-11-25,18.6,18.85,18.1,18.21,781987,18.21
2024-11-26,18.21,18.64,17.4,17.92,1152488,17.92
2024-11-27,17.8,18.45,17.54,18.24,1123821,18.24
2024-11-28,18.44,18.5,17.92,18.28,855691,18.28
2024-11-29,18.4,19.1,18.02,18.93,1067227,18.93
2024-12-02,19.21,19.87,19.21,19.87,1633942,19.87
2024-12-03,20.86,20.86,20.86,20.86,551601,20.86
2024-12-04,21.9,21.9,20.68,21.7,6187075,21.7
2024-12-05,21.97,21.97,21.0,21.74,1886574,21.74
2024-12-06,21.75,21.8,20.66,21.33,1267937,21.33
2024-12-09,22.0,22.0,20.5,20.7,810810,20.7
2024-12-10,20.78,21.0,19.98,20.17,993894,20.17
2024-12-11,20.26,20.27,19.45,19.67,933995,19.67
2024-12-12,19.94,20.4,19.35,19.95,911670,19.95
2024-12-13,19.82,20.5,19.31,19.89,551991,19.89
2024-12-16,19.79,19.85,19.21,19.36,531892,19.36
2024-12-17,19.1,19.99,18.89,19.7,1535364,19.7
2024-12-18,20.15,20.15,18.75,19.04,679141,19.04
2024-12-19,19.0,19.9,18.1,19.0,953672,19.0
2024-12-20,18.95,19.0,18.12,18.53,1195059,18.53
2024-12-23,18.3,18.7,17.9,18.14,616673,18.14
2024-12-24,18.0,18.3,17.6,17.95,1328631,17.95
2024-12-26,17.88,18.3,17.88,18.16,1062319,18.16
2024-12-27,18.2,18.29,17.35,17.72,1919458,17.72
2024-12-30,17.72,17.94,16.85,17.21,499796,17.21
2024-12-31,17.21,18.07,16.75,18.07,839770,18.07
2025-01-01,18.19,18.97,17.88,18.97,1464959,18.97
2025-01-02,19.51,19.91,19.05,19.85,6190834,19.85
2025-01-03,19.49,20.84,19.3,20.25,2954478,20.25
2025-01-06,20.2,20.6,19.23,19.23,2642092,19.23
2025-01-07,18.65,20.19,18.65,20.15,2754426,20.15
2025-01-08,21.15,21.15,20.61,21.15,6212474,21.15
2025-01-09,21.6,21.65,20.2,21.01,3151455,21.01
2025-01-10,20.7,21.8,19.95,19.95,4117741,19.95
2025-01-13,19.4,19.9,18.95,18.95,959678,18.95
2025-01-14,18.96,19.89,18.59,18.83,1830010,18.83
2025-01-15,19.1,19.19,18.05,18.26,1791410,18.26
2025-01-16,18.64,19.0,18.4,18.48,616627,18.48
2025-01-17,18.1,18.91,18.1,18.55,2114094,18.55
2025-01-20,18.55,18.74,18.1,18.23,1204994,18.23
2025-01-21,18.67,18.79,17.53,17.69,1373693,17.69
2025-01-22,18.0,18.23,16.8,17.71,1879274,17.71
2025-01-23,17.7,17.97,17.49,17.69,1498380,17.69
2025-01-24,18.03,18.03,17.05,17.23,628212,17.23
2025-01-27,16.47,16.79,16.36,16.36,1587769,16.36
2025-01-28,16.36,16.36,15.54,15.54,2503646,15.54
2025-01-29,15.53,16.31,15.44,16.31,1231967,16.31
2025-01-30,16.4,17.09,16.22,16.6,1610251,16.6
2025-01-31,16.6,17.19,16.55,17.02,1242322,17.02
2025-02-01,17.49,17.55,16.72,17.04,974300,17.04
2025-02-03,17.05,17.05,16.18,16.21,2732283,16.21
2025-02-04,16.5,16.63,15.9,16.0,1122329,16.0
2025-02-05,16.6,16.8,16.0,16.19,1495194,16.19
2025-02-06,16.26,17.77,16.26,16.84,2250537,16.84
2025-02-07,16.8,17.1,16.5,16.52,1980835,16.52
2025-02-10,16.68,16.68,15.35,15.49,1691251,15.49
2025-02-11,15.49,15.5,13.94,14.39,4642100,14.39
2025-02-12,14.9,14.9,13.33,14.08,3840632,14.08
2025-02-13,14.15,14.65,13.81,14.07,3315478,14.07
2025-02-14,14.48,14.48,13.71,13.89,4128316,13.89
2025-02-17,13.61,13.99,13.17,13.64,1817383,13.64
2025-02-18,13.6,13.86,12.53,12.87,3471888,12.87
2025-02-19,12.76,14.15,12.67,13.77,4167272,13.77
2025-02-20,14.0,14.37,13.79,14.1,1857205,14.1
2025-02-21,14.2,15.41,14.2,14.77,5471579,14.77
2025-02-24,14.6,15.89,14.22,14.75,2640636,14.75
2025-02-25,14.75,15.13,14.75,14.79,1294669,14.79
2025-02-27,14.8,14.84,13.5,13.69,2328914,13.69
2025-02-28,13.62,13.7,12.6,13.1,5266025,13.1
2025-03-03,13.1,13.24,12.0,12.67,4019312,12.67
2025-03-04,12.6,12.82,11.63,12.18,6260139,12.18
2025-03-05,12.15,13.39,12.14,13.36,6400590,13.36
2025-03-06,13.25,14.09,13.17,13.85,4569802,13.85
2025-03-07,13.8,14.59,13.72,14.37,4098886,14.37
2025-03-10,14.43,14.8,13.95,14.6,3408605,14.6
2025-03-11,14.5,15.3,13.61,13.94,3095007,13.94
2025-03-12,13.8,14.1,13.48,13.66,1801010,13.66
2025-03-13,13.7,13.74,13.14,13.34,2486312,13.34
2025-03-17,13.35,13.74,12.87,13.0,3450622,13.0
2025-03-18,13.0,13.0,13.0,13.0,0,13.0
2025-03-19,13.94,14.19,13.84,13.99,2438900,13.99
2025-03-20,14.2,14.69,13.8,14.42,5245124,14.42
2025-03-21,14.29,15.0,14.1,14.17,3395021,14.17
2025-03-24,14.15,15.0,14.04,14.19,3471936,14.19
2025-03-25,14.26,14.6,13.63,13.76,2460455,13.76
2025-03-26,13.76,14.0,12.8,12.89,4385087,12.89
2025-03-27,12.89,13.7,12.89,13.36,6827225,13.36
2025-03-28,13.56,13.82,12.7,12.9,3158517,12.9
2025-04-01,12.89,13.3,12.85,13.16,1829540,13.16
2025-04-02,13.45,13.45,12.86,13.01,1520584,13.01
2025-04-03,12.99,13.88,12.9,13.48,2596080,13.48
2025-04-04,13.36,13.6,12.93,13.04,1696890,13.04
2025-04-07,10.97,12.5,10.96,12.04,3732238,12.04
2025-04-08,12.45,12.98,12.13,12.73,2111967,12.73
2025-04-09,13.19,13.53,12.6,13.03,4177598,13.03
2025-04-11,13.41,13.49,13.11,13.27,1585536,13.27
2025-04-15,13.48,13.59,13.22,13.5,3124913,13.5
2025-04-16,13.49,13.72,13.29,13.38,2475188,13.38
2025-04-17,13.43,14.1,13.32,13.58,2477936,13.58
2025-04-21,13.72,13.96,13.42,13.89,2149209,13.89
2025-04-22,14.0,14.0,13.7,13.8,2448239,13.8
2025-04-23,13.89,15.26,13.41,14.97,7151763,14.97
2025-04-24,14.96,15.52,14.45,14.99,4839833,14.99
2025-04-25,15.0,15.0,13.75,14.73,6828279,14.73
2025-04-28,14.7,15.2,14.23,14.97,3247641,14.97
2025-04-29,15.01,15.14,14.41,14.5,2337859,14.5
2025-04-30,14.56,14.66,13.9,14.01,2571631,14.01
2025-05-02,14.1,14.28,13.88,14.04,1076600,14.04
2025-05-05,13.72,14.59,13.72,14.34,2650047,14.34
2025-05-06,14.1,14.14,13.05,13.35,2270723,13.35
2025-05-07,13.37,14.05,13.05,13.84,2331252,13.84
2025-05-08,13.89,14.5,13.85,13.91,3001693,13.91
2025-05-09,13.61,13.88,13.3,13.53,2083753,13.53
2025-05-12,14.0,14.54,14.0,14.28,2823356,14.28
2025-05-13,14.27,14.68,14.05,14.22,2968069,14.22
2025-05-14,14.35,14.6,14.27,14.41,2025842,14.41
2025-05-15,14.5,14.59,14.4,14.51,1332502,14.51
2025-05-16,14.6,14.74,14.38,14.51,2467602,14.51
2025-05-19,14.51,15.75,14.35,15.08,8854168,15.08
2025-05-20,15.11,15.7,14.35,14.52,4035197,14.52
2025-05-21,14.58,14.71,14.36,14.51,1632456,14.51
2025-05-22,14.58,14.92,14.36,14.52,2814754,14.52
2025-05-23,14.59,15.02,14.33,14.45,2771211,14.45
2025-05-26,14.59,14.83,14.47,14.55,1391128,14.55
2025-05-27,14.75,14.75,14.26,14.4,1429212,14.4
2025-05-28,14.4,14.5,14.23,14.29,2508740,14.29
2025-05-29,14.36,14.73,13.8,13.88,3682174,13.88
2025-05-30,13.94,14.1,13.9,14.03,1592465,14.03
2025-06-02,14.0,14.2,13.85,14.06,1505224,14.06
2025-06-03,14.01,14.16,13.85,13.92,4345466,13.92
2025-06-04,13.92,14.01,13.78,13.84,1145051,13.84
2025-06-05,13.79,14.25,13.79,13.98,2985052,13.98
2025-06-06,14.03,14.06,13.82,13.85,1046368,13.85
2025-06-09,13.9,14.29,13.7,13.73,2936023,13.73
2025-06-10,13.85,14.39,13.85,13.97,8030850,13.97
2025-06-11,14.0,14.69,13.92,13.98,5955026,13.98
2025-06-12,14.0,14.88,13.94,14.0,9301524,14.0
2025-06-13,13.8,14.1,13.66,13.92,3966711,13.92
2025-06-16,13.99,14.05,13.5,13.84,4566772,13.84
2025-06-17,14.35,14.85,13.71,13.82,12798506,13.82
2025-06-18,13.82,13.96,13.4,13.49,3982667,13.49
2025-06-19,13.48,13.6,13.22,13.3,16664977,13.3
2025-06-20,13.5,13.55,13.19,13.37,1921912,13.37
2025-06-23,13.5,16.04,12.2,15.81,51249350,15.81
2025-06-24,16.45,16.46,14.75,14.85,19113153,14.85
2025-06-25,14.74,15.73,14.67,14.85,14743985,14.85
2025-06-26,15.07,15.27,14.66,14.82,5991073,14.82
2025-06-27,14.99,15.08,14.38,14.51,4982132,14.51
2025-06-30,14.57,14.94,14.38,14.64,5720550,14.64
2025-07-01,14.64,14.85,14.27,14.32,4789244,14.32
2025-07-02,14.35,14.7,14.2,14.27,3296354,14.27
2025-07-03,14.3,14.54,14.23,14.36,2647411,14.36
2025-07-04,14.64,15.42,14.49,14.68,10996548,14.68
2025-07-07,14.67,15.11,14.6,14.86,4668600,14.86
2025-07-08,14.9,15.57,14.66,14.86,8036240,14.86
2025-07-09,14.87,15.2,14.87,14.99,3101710,14.99
2025-07-10,15.01,15.14,14.81,14.93,2548832,14.93
2025-07-11,14.87,14.87,14.22,14.29,4065119,14.29
2025-07-14,14.38,14.67,14.18,14.45,3911350,14.45
2025-07-15,14.53,14.88,14.41,14.49,3249515,14.49
2025-07-16,14.45,14.97,14.45,14.66,4574124,14.66
2025-07-17,14.75,14.84,14.4,14.43,1972531,14.43
2025-07-18,14.48,14.52,14.2,14.37,1755247,14.37
2025-07-21,14.39,14.44,14.0,14.05,1842811,14.05
2025-07-22,14.1,14.24,13.95,14.02,1182272,14.02
2025-07-23,14.0,14.02,13.72,13.91,1264225,13.91
2025-07-24,13.86,14.16,13.8,13.89,1516738,13.89
2025-07-25,13.85,13.89,13.56,13.6,1324618,13.6
2025-07-28,13.61,13.94,13.57,13.68,1788558,13.68
2025-07-29,13.64,13.81,13.59,13.72,1319016,13.72
2025-07-30,13.86,14.2,13.5,13.54,1915823,13.54
2025-07-31,13.45,13.63,13.2,13.29,1483488,13.29
2025-08-01,13.29,13.47,13.0,13.04,1058243,13.04
2025-08-04,13.1,13.26,12.9,13.05,1333436,13.05
2025-08-05,13.05,13.25,12.95,13.0,886816,13.0
2025-08-06,13.0,13.1,12.7,12.72,1222902,12.72
2025-08-07,12.69,12.88,12.54,12.79,993244,12.79
2025-08-08,12.77,12.9,12.61,12.76,1124976,12.76
2025-08-11,12.8,12.93,12.56,12.86,768913,12.86
2025-08-12,12.89,12.89,12.65,12.79,684545,12.79
2025-08-13,12.71,12.98,12.64,12.9,879702,12.9
2025-08-14,12.89,12.89,12.52,12.56,939920,12.56
2025-08-18,12.7,12.8,12.55,12.62,691652,12.62
2025-08-19,12.61,12.99,12.6,12.86,924836,12.86
2025-08-20,12.87,13.0,12.8,12.95,838705,12.95
2025-08-21,12.95,13.17,12.61,12.67,15647007,12.67
2025-08-22,12.77,12.97,12.57,12.71,2522608,12.71
2025-08-25,12.74,12.78,11.96,12.41,4523957,12.41
2025-08-26,12.47,12.63,12.23,12.54,1291838,12.54
2025-08-28,12.53,12.74,12.27,12.53,1624988,12.53
2025-08-29,12.64,12.75,12.3,12.35,1020995,12.35
2025-09-01,12.45,12.51,12.39,12.46,345406,12.46
2025-09-02,12.53,12.61,12.25,12.39,1516388,12.39
2025-09-03,12.4,12.54,12.18,12.33,1647610,12.33
2025-09-04,12.7,12.8,12.2,12.25,1620156,12.25
2025-09-05,12.35,12.56,12.26,12.31,7435481,12.31
2025-09-08,12.69,12.69,12.32,12.38,1441415,12.38
2025-09-09,12.52,12.66,12.41,12.52,1919559,12.52
2025-09-10,12.55,13.1,12.4,12.46,1793433,12.46
2025-09-11,12.6,12.82,12.53,12.65,1368293,12.65
2025-09-12,12.67,12.8,12.47,12.53,1311806,12.53
2025-09-15,12.53,12.67,12.4,12.46,2578899,12.46
2025-09-16,12.53,12.64,12.45,12.5,1106688,12.5
2025-09-17,12.58,12.7,12.4,12.49,3354046,12.49
2025-09-18,12.55,12.55,12.41,12.43,1008320,12.43
2025-09-19,12.44,12.74,12.37,12.52,3112820,12.52
2025-09-22,12.57,13.26,12.39,12.44,8349658,12.44
2025-09-23,12.5,12.54,12.31,12.39,2345087,12.39
2025-09-24,12.38,12.39,12.14,12.21,1151666,12.21
2025-09-25,12.27,12.29,11.71,11.81,2502594,11.81
2025-09-26,11.95,11.95,11.46,11.51,1873696,11.51
2025-09-29,11.79,11.79,11.2,11.32,1643199,11.32
2025-09-30,11.31,11.43,10.99,11.07,1972750,11.07
2025-10-01,11.14,11.89,11.1,11.57,2105437,11.57
2025-10-03,11.56,11.65,11.45,11.53,1050754,11.53
2025-10-06,11.57,11.57,11.25,11.3,982161,11.3
2025-10-07,11.4,11.46,11.1,11.28,935703,11.28
2025-10-08,11.34,11.35,11.15,11.19,905607,11.19
2025-10-09,11.3,11.34,11.11,11.15,627983,11.15
2025-10-10,11.19,11.4,11.15,11.31,852718,11.31
2025-10-13,11.31,11.34,11.16,11.23,525760,11.23
2025-10-14,11.2,11.32,10.86,10.95,1470381,10.95
2025-10-15,10.95,11.2,10.6,10.72,3014303,10.72
2025-10-16,10.97,10.97,10.26,10.32,7141026,10.32
2025-10-17,10.33,10.42,9.8,9.87,5379303,9.87
2025-10-20,9.97,11.35,9.7,11.16,12225603,11.16
2025-10-21,11.29,11.55,10.81,11.36,2339465,11.36
2025-10-23,11.36,11.44,10.01,10.17,18072334,10.17
2025-10-24,10.32,10.6,10.18,10.43,3176370,10.43
2025-10-27,10.53,10.53,10.21,10.25,1970935,10.25
2025-10-28,10.25,10.3,10.0,10.04,2763047,10.04
2025-10-29,10.06,10.27,9.99,10.06,3670159,10.06
2025-10-30,10.06,10.14,9.99,10.06,1558907,10.06
2025-10-31,10.1,10.13,9.45,10.01,4680714,10.01
2025-11-03,10.0,10.08,9.87,10.01,1968649,10.01
2025-11-04,10.04,10.15,9.91,10.0,2622813,10.0
2025-11-06,10.1,10.27,9.6,9.72,3174725,9.72
2025-11-07,9.78,10.0,9.58,9.83,1794600,9.83
2025-11-10,9.87,9.95,9.76,9.79,899427,9.79
2025-11-11,9.8,9.85,9.33,9.5,3759620,9.5
2025-11-12,9.46,9.82,9.46,9.71,2662411,9.71
2025-11-13,9.7,9.94,9.5,9.62,2224205,9.62
2025-11-14,9.7,9.7,9.42,9.5,1701173,9.5
2025-11-17,9.51,10.1,9.34,9.39,2570957,9.39
2025-11-18,9.47,9.65,9.3,9.32,1230942,9.32
2025-11-19,9.39,9.5,9.27,9.41,863404,9.41
2025-11-20,9.41,9.53,9.37,9.42,948572,9.42
2025-11-21,9.4,9.43,9.03,9.09,2472814,9.09
2025-11-24,9.17,9.17,8.86,8.92,2521108,8.92
2025-11-25,8.9,9.49,8.89,9.35,2240934,9.35
2025-11-26,9.29,9.98,9.24,9.84,4935847,9.84
2025-11-27,9.6,9.97,9.41,9.49,2158389,9.49
2025-11-28,9.6,9.85,9.37,9.67,2937989,9.67
2025-12-01,9.67,9.78,9.35,9.39,1475453,9.39
2025-12-02,9.47,9.47,9.17,9.22,1456670,9.22
2025-12-03,9.22,9.27,9.1,9.13,1051515,9.13
2025-12-04,9.1,9.14,8.9,8.98,1627834,8.98
2025-12-05,8.98,9.2,8.93,9.03,771274,9.03
2025-12-08,9.18,9.18,8.67,8.72,1345521,8.72
2025-12-09,8.75,9.31,8.57,9.06,3564473,9.06
2025-12-10,9.16,9.18,9.02,9.11,949549,9.11
2025-12-11,9.06,9.25,8.96,9.16,560872,9.16
2025-12-12,9.12,9.31,8.94,8.97,1068642,8.97
2025-12-15,9.01,9.09,8.95,9.03,560404,9.03
2025-12-16,8.97,9.14,8.96,9.03,781658,9.03
2025-12-17,9.03,9.14,9.0,9.1,931159,9.1
2025-12-18,9.05,9.28,9.05,9.16,1371585,9.16
2025-12-19,9.15,9.56,9.15,9.38,1427944,9.38
2025-12-22,9.39,9.49,9.03,9.17,6832041,9.17
2025-12-23,9.17,9.6,9.17,9.42,2944583,9.42
2025-12-24,9.49,9.73,9.38,9.5,17024934,9.5
2025-12-26,9.5,9.73,9.41,9.48,2498178,9.48
2025-12-29,9.49,9.49,8.95,8.97,2656430,8.97
2025-12-30,9.04,9.04,8.8,8.83,1463691,8.83
2025-12-31,8.84,9.0,8.84,8.91,1711166,8.91
2026-01-01,8.96,9.05,8.84,8.88,1459878,8.88
2026-01-02,8.88,9.08,8.84,9.02,1395715,9.02
2026-01-05,9.02,9.07,8.9,8.97,1042688,8.97
2026-01-06,8.95,8.99,8.85,8.91,1029891,8.91
2026-01-07,8.95,9.0,8.88,8.97,796724,8.97
2026-01-08,8.99,9.17,8.75,8.8,2360391,8.8
2026-01-09,8.8,8.83,8.65,8.71,1267129,8.71
2026-01-12,8.71,8.71,8.4,8.55,1465211,8.55
2026-01-13,8.61,8.79,8.49,8.68,1088602,8.68
2026-01-14,8.66,8.79,8.6,8.7,684351,8.7
2026-01-15,8.7,8.7,8.7,8.7,0,8.7
2026-01-16,8.7,8.7,8.5,8.52,1016704,8.52
2026-01-19,8.52,8.57,8.33,8.42,1079315,8.42
2026-01-20,8.12,8.37,7.65,7.88,3748245,7.88
2026-01-21,7.85,7.95,7.6,7.77,2741846,7.77
2026-01-22,7.78,8.1,7.78,7.98,1477251,7.98
2026-01-23,8.09,8.1,7.22,7.33,3785763,7.33
2026-01-27,7.47,8.0,7.1,7.66,3835380,7.66
2026-01-28,7.65,7.96,7.51,7.87,2017474,7.87
2026-01-29,7.85,7.85,7.55,7.72,971767,7.72
2026-01-30,7.7,8.0,7.48,7.88,1838020,7.88
2026-02-02,7.84,7.93,7.56,7.81,1017897,7.81
2026-02-03,8.0,8.01,7.83,7.95,1055036,7.95
2026-02-04,8.1,8.25,7.98,8.16,2380743,8.16
2026-02-05,8.3,8.3,7.97,8.04,1136543,8.04
2026-02-06,8.04,8.23,7.88,8.17,914841,8.17
2026-02-09,8.27,9.45,8.18,9.28,8846250,9.28
2026-02-10,9.46,9.9,9.25,9.84,6412003,9.84
2026-02-11,9.84,9.84,9.36,9.61,3111534,9.61
2026-02-12,9.6,9.69,9.36,9.4,1656938,9.4
2026-02-13,9.9,10.35,9.55,10.06,11175771,10.06
2026-02-16,10.24,10.24,9.4,9.73,3404036,9.73
2026-02-17,9.53,10.05,9.41,9.57,1631871,9.57
2026-02-18,9.6,10.25,9.47,9.82,4246354,9.82
2026-02-19,9.83,9.87,9.4,9.54,1817733,9.54
2026-02-20,9.42,9.56,9.28,9.36,582072,9.36
2026-02-23,9.35,9.54,9.16,9.31,3510883,9.31
2026-02-24,9.3,9.3,8.85,8.85,2738307,8.85
2026-02-25,8.85,9.0,8.41,8.41,897354,8.41
2026-02-26,8.41,8.55,8.02,8.38,1290943,8.38
2026-02-27,8.3,8.5,8.11,8.49,1650294,8.49
2026-03-02,8.12,8.5,8.07,8.07,1898453,8.07
2026-03-04,7.76,8.19,7.76,7.93,1366228,7.93
2026-03-05,7.94,8.3,7.91,8.18,2285509,8.18
2026-03-06,8.16,8.26,7.94,8.04,2098834,8.04
2026-03-09,8.0,8.04,7.64,7.98,1326357,7.98
2026-03-10,7.99,8.2,7.99,8.04,247573,8.04
2026-03-11,8.1,8.14,7.99,8.0,537807,8.0
2026-03-12,8.05,8.15,7.71,7.89,1264261,7.89
2026-03-13,8.15,8.15,7.61,7.73,660124,7.73
2026-03-16,7.8,7.94,7.35,7.36,1305995,7.36
2026-03-17,7.35,7.39,7.1,7.21,982071,7.21
2026-03-18,7.25,7.57,7.1,7.57,580770,7.57
2026-03-19,7.5,7.66,7.25,7.33,387971,7.33
2026-03-20,7.43,7.69,7.31,7.38,525172,7.38
2026-03-23,7.38,7.38,7.02,7.06,1036447,7.06
2026-03-24,7.36,7.36,6.91,7.09,4283189,7.09
2026-03-25,7.22,7.4,6.8,7.36,4220499,7.36
2026-03-27,7.11,7.27,7.0,7.0,5612306,7.0
2026-03-30,7.0,7.1,6.65,6.65,1428158,6.65
2026-04-01,6.9,6.98,6.9,6.97,1387729,6.97
2026-04-02,6.88,7.3,6.81,7.19,742131,7.19
2026-04-06,7.3,7.3,7.03,7.19,708199,7.19
2026-04-07,7.18,7.33,7.15,7.24,815817,7.24
2026-04-08,7.5,7.6,7.4,7.56,1756079,7.56
2026-04-09,7.56,7.8,7.45,7.69,617676,7.69
2026-04-10,7.68,8.07,7.67,7.98,1079786,7.98
2026-04-13,7.6,7.95,7.6,7.78,603330,7.78
2026-04-15,7.95,8.12,7.86,8.08,1034906,8.08
2026-04-16,8.08,8.2,7.72,8.01,945400,8.01
2026-04-17,8.05,8.2,7.95,8.14,909826,8.14
2026-04-20,8.35,8.36,8.0,8.24,795133,8.24
2026-04-21,8.28,8.65,8.1,8.65,1748248,8.65
2026-04-22,8.6,8.99,8.57,8.73,721896,8.73
2026-04-23,8.73,8.9,8.5,8.74,504058,8.74
2026-04-24,8.74,8.79,8.31,8.31,738663,8.31
2026-04-27,8.4,8.59,8.26,8.54,369252,8.54
2026-04-28,8.54,8.7,8.35,8.55,435453,8.55
2026-04-29,8.45,8.6,8.15,8.28,974128,8.28
2026-04-30,8.28,8.4,8.1,8.34,423156,8.34
2026-05-04,8.33,8.52,8.06,8.23,592479,8.23
2026-05-05,8.4,8.4,8.1,8.27,821917,8.27
2026-05-06,8.3,8.5,8.17,8.39,803500,8.39
2026-05-07,8.54,8.55,8.2,8.39,1393441,8.39
2026-05-08,8.37,8.42,8.2,8.33,593813,8.33
2026-05-11,8.25,8.25,8.08,8.12,366884,8.12
2026-05-12,8.01,8.12,7.72,7.78,537317,7.78
2026-05-13,7.77,7.98,7.72,7.9,333671,7.9
2026-05-14,8.0,8.29,7.98,8.05,476301,8.05
2026-05-15,8.06,8.23,7.8,7.9,330657,7.9
2026-05-18,7.89,7.89,7.6,7.67,571839,7.67
2026-05-19,7.77,8.05,7.72,8.05,664972,8.05
2026-05-20,8.29,8.4,8.04,8.13,642586,8.13
2026-05-21,8.11,8.22,7.94,8.02,469355,8.02
2026-05-22,8.03,8.11,7.76,7.86,656948,7.86
2026-05-25,8.03,8.14,7.95,8.03,294036,8.03
2026-05-26,8.18,8.18,7.96,8.01,516176,8.01
2026-05-27,8.08,8.41,8.03,8.4,3057190,8.4
2026-05-28,8.4,8.4,8.4,8.4,0,8.4
2026-05-29,8.42,8.8,8.24,8.42,1815354,8.42
2026-06-01,8.52,8.6,8.12,8.17,1480490,8.17
2026-06-02,8.17,8.5,8.05,8.19,887704,8.19
2026-06-03,8.15,8.16,7.98,8.05,758965,8.05
2026-06-04,8.04,8.45,7.92,8.37,2112311,8.37
2026-06-05,8.45,9.2,8.4,8.59,7837965,8.59
